comment_id,author,content,likes,created_at,demo_label
cmt_001,知行合一77,你这个观点太绝对了吧，AI 以后就是基础能力，不学才更危险。,282,2026-04-17T20:40:00+08:00,challenge
cmt_002,早点睡吧同学,我觉得你说反了，现在不是盲目追风口，是不追就掉队。,266,2026-04-17T20:44:00+08:00,challenge
cmt_003,半糖乌龙,那你说的“先判断能力结构”具体怎么判断？能不能展开讲讲。,164,2026-04-17T20:51:00+08:00,ask_explain
cmt_004,不是所有人都适合编程,能不能举个例子，什么叫适合追 AI，什么叫不适合？,0,2026-04-17T20:51:00+08:00,ask_example
cmt_005,阿杰在读研,这条真的点醒我了，我最近就是看到别人都学就开始焦虑。,227,2026-04-17T20:56:00+08:00,resonance
cmt_006,想转码的大三生,求出第二期：普通学校的学生到底该怎么补 AI 能力？,272,2026-04-17T21:03:00+08:00,urge_update
cmt_007,风里有答案,有没有推荐的入门路径或者课程清单？别让我再踩坑了。,56,2026-04-17T21:08:00+08:00,conversion
cmt_008,今天也想上岸,说白了你就是在劝退普通人，资源好的人当然可以慢慢选。,87,2026-04-17T21:12:00+08:00,controversy
cmt_009,显卡好贵啊,我报了 3999 的班，现在回头看真的大部分都没必要。,306,2026-04-17T21:15:00+08:00,resonance
cmt_010,晚点再焦虑,那和传统编程、数据分析比，AI 到底适不适合作为第一技能？,60,2026-04-17T21:17:00+08:00,ask_compare
cmt_011,理工科路人,这条应该发给所有凌晨两点刷‘转行AI’视频的人。,254,2026-04-17T21:24:00+08:00,humor
cmt_012,猫系实习生,能不能直接讲一个 30 天执行版路线？不要再说大道理了。,167,2026-04-17T21:26:00+08:00,ask_plan
cmt_013,如果云知道,但很多机会本来就是先上车后补票，不试怎么知道自己适不适合？,278,2026-04-17T21:27:00+08:00,challenge
cmt_014,发呆冠军,我不是不想学，我是不知道自己是想学能力还是想追热点。,311,2026-04-17T21:34:00+08:00,resonance
cmt_015,橙子同学,下一期能不能讲‘大学生最容易被割的 AI 焦虑场景’。,575,2026-04-17T21:37:00+08:00,urge_update
cmt_016,打工人阿南,想知道你自己是什么背景，为什么敢这么说？,312,2026-04-17T21:39:00+08:00,ask_background
cmt_017,不卷不行吗,你说别乱买工具，那到底哪些工具值得付费？,161,2026-04-17T21:46:00+08:00,ask_tool
cmt_018,理性吃瓜号,感觉你这条会被培训机构拉黑。,32,2026-04-17T21:47:00+08:00,controversy
cmt_019,会做表格的小周,终于有人说这个了，我身边一堆人还没搞懂 prompt 就开始卖课。,208,2026-04-17T21:53:00+08:00,resonance
cmt_020,深夜图书馆,求真实案例，最好讲讲你见过的成功和失败路径。,107,2026-04-17T21:59:00+08:00,ask_case
